{
  "label": "scale-x4",
  "sizes": {
    "1k": 1004,
    "3k": 3004,
    "5k": 5004,
    "10k": 10004,
    "20k": 20004,
    "30k": 30004
  },
  "perOp": {
    "vdom": {
      "fcp@10k": {
        "median": 1015.1000000014901,
        "n": 5
      },
      "settled@10k": {
        "median": 1379.5,
        "n": 5
      },
      "fcp@1k": {
        "median": 263.70000000298023,
        "n": 5
      },
      "settled@1k": {
        "median": 264.30000000447035,
        "n": 5
      },
      "fcp@3k": {
        "median": 431.1000000014901,
        "n": 5
      },
      "settled@3k": {
        "median": 434.29999999701977,
        "n": 5
      },
      "fcp@5k": {
        "median": 619.7000000029802,
        "n": 5
      },
      "settled@5k": {
        "median": 640,
        "n": 5
      }
    },
    "vdom-ifr": {
      "fcp@10k": {
        "median": 1165.8000000044703,
        "n": 5
      },
      "settled@10k": {
        "median": 1561.7000000029802,
        "n": 5
      },
      "fcp@1k": {
        "median": 258.20000000298023,
        "n": 5
      },
      "settled@1k": {
        "median": 258.70000000298023,
        "n": 5
      },
      "fcp@3k": {
        "median": 467.5,
        "n": 5
      },
      "settled@3k": {
        "median": 474.19999999552965,
        "n": 5
      },
      "fcp@5k": {
        "median": 608.6999999955297,
        "n": 5
      },
      "settled@5k": {
        "median": 647.3999999985099,
        "n": 5
      }
    },
    "vdom-ifr-et": {
      "fcp@10k": {
        "median": 913.9000000059605,
        "n": 5
      },
      "settled@10k": {
        "median": 1317.2999999970198,
        "n": 5
      },
      "fcp@1k": {
        "median": 235.5,
        "n": 5
      },
      "settled@1k": {
        "median": 237,
        "n": 5
      },
      "fcp@3k": {
        "median": 420.20000000298023,
        "n": 5
      },
      "settled@3k": {
        "median": 431.1000000014901,
        "n": 5
      },
      "fcp@5k": {
        "median": 622.9000000059605,
        "n": 5
      },
      "settled@5k": {
        "median": 642.5,
        "n": 5
      }
    },
    "vapor": {
      "fcp@10k": {
        "median": 1076.2000000029802,
        "n": 5
      },
      "settled@10k": {
        "median": 1378.2000000029802,
        "n": 5
      },
      "fcp@1k": {
        "median": 265.5,
        "n": 5
      },
      "settled@1k": {
        "median": 269.69999999552965,
        "n": 5
      },
      "fcp@3k": {
        "median": 438.5,
        "n": 5
      },
      "settled@3k": {
        "median": 450.20000000298023,
        "n": 5
      },
      "fcp@5k": {
        "median": 634.3999999985099,
        "n": 5
      },
      "settled@5k": {
        "median": 667.3999999985099,
        "n": 5
      }
    },
    "vapor-ifr": {
      "fcp@10k": {
        "median": 1192.7000000029802,
        "n": 5
      },
      "settled@10k": {
        "median": 1550.6000000014901,
        "n": 5
      },
      "fcp@1k": {
        "median": 289.6000000014901,
        "n": 5
      },
      "settled@1k": {
        "median": 289.79999999701977,
        "n": 5
      },
      "fcp@3k": {
        "median": 492.20000000298023,
        "n": 5
      },
      "settled@3k": {
        "median": 495.90000000596046,
        "n": 5
      },
      "fcp@5k": {
        "median": 708.6000000014901,
        "n": 5
      },
      "settled@5k": {
        "median": 724.1000000014901,
        "n": 5
      }
    }
  },
  "bundleGzip": {
    "vdom": {
      "webGzip@1k": 35865,
      "mtGzip@1k": 7239,
      "elements@1k": 1004,
      "webGzip@3k": 36809,
      "mtGzip@3k": 7239,
      "elements@3k": 3004,
      "webGzip@5k": 37670,
      "mtGzip@5k": 7239,
      "elements@5k": 5004,
      "webGzip@10k": 39888,
      "mtGzip@10k": 7239,
      "elements@10k": 10004,
      "webGzip@20k": 43844,
      "mtGzip@20k": 7239,
      "elements@20k": 20004,
      "webGzip@30k": 47324,
      "mtGzip@30k": 7239,
      "elements@30k": 30004
    },
    "vdom-ifr": {
      "webGzip@1k": 64430,
      "mtGzip@1k": 34633,
      "elements@1k": 1004,
      "webGzip@3k": 66274,
      "mtGzip@3k": 35475,
      "elements@3k": 3004,
      "webGzip@5k": 68052,
      "mtGzip@5k": 36244,
      "elements@5k": 5004,
      "webGzip@10k": 72371,
      "mtGzip@10k": 37943,
      "elements@10k": 10004,
      "webGzip@20k": 79770,
      "mtGzip@20k": 41130,
      "elements@20k": 20004,
      "webGzip@30k": 86943,
      "mtGzip@30k": 44164,
      "elements@30k": 30004
    },
    "vdom-ifr-et": {
      "webGzip@1k": 107079,
      "mtGzip@1k": 55396,
      "elements@1k": 1004,
      "webGzip@3k": 189296,
      "mtGzip@3k": 96700,
      "elements@3k": 3004,
      "webGzip@5k": 272696,
      "mtGzip@5k": 137476,
      "elements@5k": 5004,
      "webGzip@10k": 476923,
      "mtGzip@10k": 239507,
      "elements@10k": 10004,
      "webGzip@20k": 883009,
      "mtGzip@20k": 442521,
      "elements@20k": 20004,
      "webGzip@30k": 1290348,
      "mtGzip@30k": 643427,
      "elements@30k": 30004
    },
    "vapor": {
      "webGzip@1k": 45610,
      "mtGzip@1k": 7239,
      "elements@1k": 1004,
      "webGzip@3k": 57102,
      "mtGzip@3k": 7239,
      "elements@3k": 3004,
      "webGzip@5k": 68158,
      "mtGzip@5k": 7239,
      "elements@5k": 5004,
      "webGzip@10k": 94727,
      "mtGzip@10k": 7239,
      "elements@10k": 10004,
      "webGzip@20k": 143183,
      "mtGzip@20k": 7239,
      "elements@20k": 20004,
      "webGzip@30k": 191882,
      "mtGzip@30k": 7239,
      "elements@30k": 30004
    },
    "vapor-ifr": {
      "webGzip@1k": 87925,
      "mtGzip@1k": 44296,
      "elements@1k": 1004,
      "webGzip@3k": 110943,
      "mtGzip@3k": 55646,
      "elements@3k": 3004,
      "webGzip@5k": 133048,
      "mtGzip@5k": 66925,
      "elements@5k": 5004,
      "webGzip@10k": 185166,
      "mtGzip@10k": 92687,
      "elements@10k": 10004,
      "webGzip@20k": 284089,
      "mtGzip@20k": 141986,
      "elements@20k": 20004,
      "webGzip@30k": 380220,
      "mtGzip@30k": 189637,
      "elements@30k": 30004
    }
  },
  "measuredAt": "2026-07-17T16:46:40.033Z"
}
